01, Alaska
02, Western Canada
03, Central Canada west
04, Central Canada east, Baffin Island
05, Greenland
06, Western USA
07, Central USA
08, Eastern USA
09, Eastern Canada
10, Belize, Guatemala, Mexico
11, Antilles, Costa Rica, Cuba, Dominican Republic, El Salvador, Haiti, Honduras, Jamaica, Nicaragua, Panama, Puerto Rico, West Indies
12, Colombia, Ecuador, French Guiana, Guyana, northern Bolivia, northwestern Brazil, Peru, Surinam, Venezuela
13, Northeastern Brazil
14, Northern Argentina, northern Chile, Paraguay, southern Bolivia, Uruguay
15, Southeastern Brazil
16, Southern Argentina, southern Chile, Falkland Islands
17, Iceland
18, Denmark, Finland, Norway, Sweden
19, Western Russia northwest
20, Western Russia north
21, Central Russia northwest
22, Central Russia north
23, Central Russia east
24, Eastern Russia northwest
25, Eastern Russia north
26, Eastern Russia northeast
27, Belgium, France, Great Britain, Ireland, Monaco, Netherlands
28, Albania, Austria, Bosnia and Herzegovina, Bulgaria, Croatia, Czech Republic, Germany, Greece, Hungary, Italy, Luxembourg, Macedonia, Malta, Poland, Romania, Slovakia, Slovenia, Switzerland, Vatican, Yugoslavia
29, Armenia, Azerbaijan, Belarus, Estonia, Georgia, Latvia, Lithuania, Moldova, Ukraine, western Russia
30, Tajikistan, Turkmenistan, Uzbekistan, western Kazakhstan, western Kyrgyzstan, western Russia southeast
31, Central Russia southwest, eastern Kazakhstan, eastern Kyrgyzstan
32, Central Russia south, western Mongolia
33, Central Russia southeast, eastern Mongolia
34, Eastern Russia southwest: Sakhalin, Sikhote Alin
35, Eastern Russia east: Kamchatka
36, Azores, Canary Island, Madeira
37, Algeria, Andorra, Morocco, Portugal, Spain, Tunisia
38, Egypt, Libya
39, Bahrain, Cyprus, Iraq, Israel, Jordan, Kuwait, Lebanon, Oman, Qatar, Saudi Arabia, Syria, Turkey, United Arab Emirates, Yemen
40, Afghanistan, Iran
41, Bangladesh, Bhutan, India, Nepal, Pakistan
42, Western China
43, Central China
44, Eastern China, Macao, Hong Kong, North Korea, South Korea, Taiwan
45, Japan
46, Benin, Burkina Faso, Cape Verde, Côte d'Ivoire, Gambia, Ghana, Guinea, Guinea-Bissau, Liberia, Mali, Mauritania, Niger, Nigeria, Senegal, Sierra Leone, Togo, Cameroon, Chad, Central African Republic, Equatorial Guinea, Gabon, São Tomé
47, Western Sudan
48, Burundi, Eritrea, Ethiopia, eastern Sudan, Kenya, Somalia, Uganda
49, Kampuchea, Laos, Myanmar, Vietnam
50, Philippines
51, Malaysia, Papua New Guinea, western Indonesia
52, Angola, Burundi, Congo, Gabon, Zaire
53, Madagascar, Malawi, Mozambique, Seychelles, Zambia, Zimbabwe
54, Malaysia, Singapore, western Indonesia
55, Northeastern Australia
56, Caledonia, Fiji/Vanuatu
57, Botswana, Lesotho, Namibia, Swaziland, South African Republic
58, Western Australia
59, Southeastern Australia
60, New Zealand
61, Hawaii
62, Phoenix Islands, Samoa
63, Cook Islands, Polynesia
64, Guam/Palau, Saipan
65, Kiribati, Marshall
66, Central Atlantic south: Ascension, St. Helena
67, Antarctica
68, Southwestern Indian Ocean: Kerguelen
69, Antarctica
70, Antarctica
71, Antarctica
72, Antarctica
73, Antarctica
74, South Pole
75, North Pole
76, Northeastern Pacific
77, Central Pacific northeast
78, Central Pacific southeast
79, Central Indian Ocean
80, Northern Atlantic
81, Central Atlantic
82, Northwestern Pacific
83, Southern Pacific
84, Southern Atlantic
85, Southeastern Indian Ocean